customer_id,full_name,age,gender,city,account_open_date,risk_profile
1,Customer_1,59,M,Bangalore,2020-12-26,Low
2,Customer_2,49,M,Bangalore,2022-02-19,Low
3,Customer_3,35,M,Pune,2022-01-22,High
4,Customer_4,63,M,Chennai,2021-09-09,Low
5,Customer_5,28,M,Hyderabad,2018-12-02,High
6,Customer_6,41,F,Hyderabad,2019-09-25,Low
7,Customer_7,59,M,Bangalore,2022-09-28,Low
8,Customer_8,39,M,Mumbai,2020-08-18,Low
9,Customer_9,43,F,Chennai,2019-05-31,Medium
10,Customer_10,31,M,Hyderabad,2020-04-28,Medium
11,Customer_11,31,F,Bangalore,2020-03-05,Medium
12,Customer_12,44,F,Hyderabad,2018-07-09,Low
13,Customer_13,56,F,Chennai,2018-02-08,Low
14,Customer_14,60,M,Chennai,2019-06-11,Low
15,Customer_15,44,M,Delhi,2018-08-25,Low
16,Customer_16,23,M,Pune,2022-01-05,High
17,Customer_17,42,F,Pune,2017-12-07,Low
18,Customer_18,22,M,Bangalore,2022-05-23,Medium
19,Customer_19,44,F,Chennai,2018-12-05,Medium
20,Customer_20,64,M,Delhi,2017-11-14,Low
21,Customer_21,50,F,Delhi,2020-10-18,Medium
22,Customer_22,58,M,Hyderabad,2023-08-27,Low
23,Customer_23,22,M,Hyderabad,2023-03-31,Low
24,Customer_24,41,M,Delhi,2021-12-06,Low
25,Customer_25,53,F,Hyderabad,2020-09-29,Low
26,Customer_26,32,F,Chennai,2021-04-22,Low
27,Customer_27,42,M,Mumbai,2019-03-28,Low
28,Customer_28,64,M,Chennai,2018-07-07,Low
29,Customer_29,45,F,Delhi,2019-05-06,Low
30,Customer_30,47,F,Delhi,2021-12-18,Medium
31,Customer_31,62,F,Chennai,2017-07-02,Medium
32,Customer_32,48,M,Hyderabad,2021-04-24,Low
33,Customer_33,36,F,Hyderabad,2018-02-01,Low
34,Customer_34,35,M,Pune,2021-09-24,Medium
35,Customer_35,64,F,Delhi,2021-02-26,Low
36,Customer_36,23,M,Bangalore,2019-06-26,Medium
37,Customer_37,57,F,Pune,2020-09-18,Low
38,Customer_38,27,F,Hyderabad,2022-12-15,Low
39,Customer_39,41,F,Chennai,2017-01-01,Low
40,Customer_40,29,F,Hyderabad,2017-01-19,Low
41,Customer_41,59,F,Chennai,2018-08-07,Medium
42,Customer_42,38,M,Pune,2018-04-01,Low
43,Customer_43,24,F,Delhi,2022-07-30,Medium
44,Customer_44,45,F,Hyderabad,2020-02-07,High
45,Customer_45,34,F,Chennai,2023-10-29,Low
46,Customer_46,29,M,Delhi,2022-05-07,Medium
47,Customer_47,46,F,Bangalore,2022-11-21,Low
48,Customer_48,22,M,Chennai,2019-09-15,Low
49,Customer_49,40,F,Pune,2018-06-04,Medium
50,Customer_50,48,F,Bangalore,2019-05-09,Low
51,Customer_51,27,M,Bangalore,2017-06-23,Low
52,Customer_52,64,F,Mumbai,2020-09-28,Low
53,Customer_53,28,M,Hyderabad,2023-10-15,Low
54,Customer_54,55,M,Chennai,2018-12-28,High
55,Customer_55,34,F,Bangalore,2021-09-07,High
56,Customer_56,37,M,Mumbai,2022-02-19,Medium
57,Customer_57,56,F,Pune,2021-08-09,Medium
58,Customer_58,60,F,Delhi,2020-09-09,Low
59,Customer_59,24,M,Chennai,2019-09-17,Low
60,Customer_60,22,M,Bangalore,2018-02-24,Low
61,Customer_61,26,M,Hyderabad,2018-08-17,Low
62,Customer_62,62,M,Mumbai,2021-11-10,Low
63,Customer_63,24,F,Bangalore,2023-09-26,High
64,Customer_64,49,F,Hyderabad,2019-07-25,Low
65,Customer_65,38,M,Bangalore,2020-01-13,Low
66,Customer_66,46,F,Chennai,2020-02-11,Low
67,Customer_67,64,F,Chennai,2017-11-28,Medium
68,Customer_68,54,F,Chennai,2022-09-20,Medium
69,Customer_69,30,F,Pune,2021-11-29,Low
70,Customer_70,56,M,Pune,2019-08-17,Low
71,Customer_71,34,M,Mumbai,2017-04-15,Medium
72,Customer_72,51,F,Chennai,2017-07-21,Low
73,Customer_73,35,M,Hyderabad,2023-11-03,Low
74,Customer_74,28,M,Bangalore,2022-01-17,Medium
75,Customer_75,34,M,Delhi,2022-02-10,Medium
76,Customer_76,43,F,Hyderabad,2022-06-20,Low
77,Customer_77,60,F,Pune,2020-07-13,Medium
78,Customer_78,41,F,Pune,2019-06-29,Medium
79,Customer_79,36,M,Hyderabad,2017-07-29,Low
80,Customer_80,38,F,Pune,2018-07-17,High
81,Customer_81,44,F,Chennai,2021-04-13,Medium
82,Customer_82,46,M,Mumbai,2019-02-10,Medium
83,Customer_83,45,F,Bangalore,2018-09-21,Medium
84,Customer_84,61,F,Mumbai,2021-06-17,Low
85,Customer_85,49,M,Bangalore,2021-08-29,Low
86,Customer_86,35,M,Bangalore,2018-01-22,Low
87,Customer_87,21,M,Mumbai,2022-04-20,Low
88,Customer_88,45,F,Hyderabad,2023-06-02,Low
89,Customer_89,27,F,Bangalore,2023-04-25,High
90,Customer_90,29,F,Mumbai,2020-01-10,Medium
91,Customer_91,44,M,Bangalore,2017-09-25,Medium
92,Customer_92,21,M,Delhi,2023-10-03,High
93,Customer_93,64,F,Hyderabad,2023-04-02,Medium
94,Customer_94,28,F,Chennai,2022-01-31,Low
95,Customer_95,44,M,Bangalore,2022-06-22,Low
96,Customer_96,31,M,Delhi,2020-10-12,Low
97,Customer_97,37,M,Chennai,2020-05-21,Medium
98,Customer_98,28,M,Chennai,2018-07-28,Low
99,Customer_99,55,F,Bangalore,2017-02-18,Medium
100,Customer_100,55,M,Mumbai,2020-02-25,Low
101,Customer_101,53,F,Bangalore,2017-08-11,Medium
102,Customer_102,25,F,Delhi,2020-12-02,Medium
103,Customer_103,62,F,Chennai,2021-03-09,Medium
104,Customer_104,59,M,Bangalore,2021-12-25,High
105,Customer_105,61,M,Mumbai,2023-05-14,Medium
106,Customer_106,48,M,Bangalore,2021-01-01,High
107,Customer_107,27,M,Hyderabad,2020-02-05,High
108,Customer_108,29,F,Mumbai,2021-08-09,Medium
109,Customer_109,28,M,Delhi,2023-10-04,Medium
110,Customer_110,32,M,Chennai,2018-01-10,Low
111,Customer_111,54,F,Bangalore,2022-10-22,Low
112,Customer_112,53,M,Mumbai,2022-07-15,Low
113,Customer_113,43,F,Hyderabad,2019-11-20,Low
114,Customer_114,44,F,Mumbai,2022-03-05,Low
115,Customer_115,57,F,Pune,2021-12-29,High
116,Customer_116,55,F,Hyderabad,2021-01-14,High
117,Customer_117,64,F,Delhi,2023-02-21,Medium
118,Customer_118,60,F,Chennai,2020-03-25,Low
119,Customer_119,42,F,Delhi,2019-12-01,Low
120,Customer_120,47,F,Bangalore,2022-09-02,Low
121,Customer_121,55,M,Mumbai,2017-12-26,Low
122,Customer_122,21,M,Pune,2022-08-04,Low
123,Customer_123,55,M,Hyderabad,2020-02-16,Low
124,Customer_124,57,M,Hyderabad,2021-06-24,High
125,Customer_125,34,F,Mumbai,2020-11-04,Medium
126,Customer_126,23,M,Pune,2022-04-28,Low
127,Customer_127,21,F,Mumbai,2018-11-10,Low
128,Customer_128,25,M,Bangalore,2023-10-24,Low
129,Customer_129,46,M,Delhi,2017-01-07,Low
130,Customer_130,34,M,Hyderabad,2023-10-05,High
131,Customer_131,59,F,Bangalore,2021-05-11,Low
132,Customer_132,47,M,Delhi,2019-04-13,Low
133,Customer_133,29,F,Bangalore,2021-12-16,Low
134,Customer_134,35,F,Pune,2019-07-03,Low
135,Customer_135,35,M,Hyderabad,2022-07-05,Medium
136,Customer_136,46,M,Mumbai,2020-12-13,Medium
137,Customer_137,62,M,Mumbai,2020-12-21,Medium
138,Customer_138,33,F,Delhi,2021-02-11,Low
139,Customer_139,52,M,Chennai,2017-05-06,Low
140,Customer_140,59,F,Pune,2023-09-09,Low
141,Customer_141,52,F,Delhi,2019-03-28,High
142,Customer_142,24,M,Chennai,2022-01-04,Low
143,Customer_143,50,M,Bangalore,2018-07-30,Low
144,Customer_144,57,F,Pune,2023-07-01,Medium
145,Customer_145,43,F,Bangalore,2020-11-16,Medium
146,Customer_146,59,F,Hyderabad,2019-07-19,Low
147,Customer_147,35,M,Pune,2021-01-03,Low
148,Customer_148,63,F,Chennai,2019-04-13,Low
149,Customer_149,49,M,Hyderabad,2019-11-21,High
150,Customer_150,56,F,Mumbai,2021-07-07,Low
151,Customer_151,33,F,Chennai,2022-03-16,High
152,Customer_152,52,M,Delhi,2020-12-28,Low
153,Customer_153,27,F,Mumbai,2020-10-31,High
154,Customer_154,42,M,Mumbai,2018-03-19,Medium
155,Customer_155,48,M,Delhi,2022-10-24,Low
156,Customer_156,22,F,Pune,2018-07-11,High
157,Customer_157,62,M,Mumbai,2020-03-24,Low
158,Customer_158,26,M,Chennai,2022-07-31,High
159,Customer_159,48,F,Hyderabad,2017-12-29,Medium
160,Customer_160,48,M,Mumbai,2023-11-01,Low
161,Customer_161,64,M,Chennai,2020-06-11,Medium
162,Customer_162,64,M,Bangalore,2022-01-16,High
163,Customer_163,40,F,Chennai,2023-04-29,Low
164,Customer_164,50,M,Hyderabad,2022-01-25,Low
165,Customer_165,31,F,Chennai,2022-12-13,Medium
166,Customer_166,48,F,Delhi,2019-06-30,Medium
167,Customer_167,45,M,Hyderabad,2017-09-02,Low
168,Customer_168,59,M,Pune,2018-06-26,Low
169,Customer_169,53,M,Bangalore,2022-12-10,Low
170,Customer_170,21,F,Delhi,2022-12-13,Low
171,Customer_171,47,M,Pune,2021-04-22,Low
172,Customer_172,33,M,Chennai,2023-01-27,High
173,Customer_173,61,M,Hyderabad,2017-05-04,Low
174,Customer_174,23,M,Bangalore,2021-09-28,Medium
175,Customer_175,59,M,Delhi,2019-02-25,Low
176,Customer_176,26,F,Pune,2022-08-06,Low
177,Customer_177,28,F,Pune,2023-02-27,Low
178,Customer_178,47,M,Bangalore,2023-08-14,Low
179,Customer_179,29,M,Chennai,2019-03-08,Medium
180,Customer_180,57,M,Bangalore,2017-03-18,High
181,Customer_181,53,M,Pune,2017-02-28,Medium
182,Customer_182,62,F,Mumbai,2023-10-15,High
183,Customer_183,64,M,Delhi,2021-03-04,High
184,Customer_184,44,F,Bangalore,2022-04-21,Low
185,Customer_185,35,F,Pune,2022-11-27,Medium
186,Customer_186,52,M,Chennai,2020-07-25,Medium
187,Customer_187,52,F,Pune,2017-03-09,Low
188,Customer_188,44,F,Chennai,2023-06-11,Medium
189,Customer_189,61,F,Bangalore,2022-04-17,Low
190,Customer_190,32,F,Chennai,2017-12-31,Low
191,Customer_191,59,M,Hyderabad,2019-04-01,Medium
192,Customer_192,22,M,Hyderabad,2020-11-03,Low
193,Customer_193,23,F,Hyderabad,2023-07-19,Low
194,Customer_194,57,M,Mumbai,2019-08-05,High
195,Customer_195,37,M,Bangalore,2021-04-27,Medium
196,Customer_196,22,M,Pune,2020-10-09,Low
197,Customer_197,22,M,Pune,2020-12-10,Medium
198,Customer_198,48,M,Mumbai,2019-02-01,Low
199,Customer_199,43,F,Chennai,2017-12-07,Low
200,Customer_200,57,M,Mumbai,2018-01-18,High
201,Customer_201,52,M,Chennai,2019-10-01,Medium
202,Customer_202,53,M,Chennai,2021-04-06,Low
203,Customer_203,21,M,Delhi,2017-10-27,Medium
204,Customer_204,39,F,Pune,2017-05-19,High
205,Customer_205,22,F,Hyderabad,2017-12-25,Low
206,Customer_206,64,F,Chennai,2019-04-16,Low
207,Customer_207,46,F,Delhi,2021-03-03,Low
208,Customer_208,52,M,Pune,2021-06-16,Medium
209,Customer_209,26,F,Hyderabad,2022-06-06,Medium
210,Customer_210,52,M,Chennai,2020-07-27,Medium
211,Customer_211,24,M,Chennai,2019-06-28,High
212,Customer_212,31,M,Mumbai,2020-02-09,Medium
213,Customer_213,37,M,Mumbai,2022-12-27,Low
214,Customer_214,58,M,Pune,2019-09-23,Low
215,Customer_215,44,F,Hyderabad,2023-10-19,Low
216,Customer_216,25,F,Chennai,2023-05-10,Low
217,Customer_217,54,F,Pune,2022-11-22,Medium
218,Customer_218,26,F,Pune,2020-05-22,High
219,Customer_219,42,M,Bangalore,2021-11-20,Low
220,Customer_220,31,F,Mumbai,2017-06-14,Low
221,Customer_221,36,M,Hyderabad,2019-09-26,Medium
222,Customer_222,53,F,Chennai,2020-07-31,Low
223,Customer_223,29,M,Pune,2018-10-19,Low
224,Customer_224,26,M,Chennai,2023-01-21,Low
225,Customer_225,36,F,Bangalore,2022-03-25,Low
226,Customer_226,49,M,Hyderabad,2022-08-09,High
227,Customer_227,23,M,Pune,2022-10-13,Low
228,Customer_228,40,F,Chennai,2020-02-15,Low
229,Customer_229,56,M,Mumbai,2022-03-05,Low
230,Customer_230,39,F,Bangalore,2017-09-24,High
231,Customer_231,46,F,Hyderabad,2022-01-20,Low
232,Customer_232,23,F,Bangalore,2021-09-05,Low
233,Customer_233,39,M,Mumbai,2023-04-13,Low
234,Customer_234,40,M,Hyderabad,2023-09-09,Low
235,Customer_235,52,M,Bangalore,2021-02-19,Low
236,Customer_236,27,F,Delhi,2018-04-21,Medium
237,Customer_237,61,M,Mumbai,2019-09-04,Low
238,Customer_238,53,F,Mumbai,2020-04-22,Low
239,Customer_239,60,F,Mumbai,2019-11-10,Medium
240,Customer_240,59,M,Delhi,2022-05-15,Low
241,Customer_241,38,F,Delhi,2018-07-12,Low
242,Customer_242,60,M,Chennai,2019-10-15,Low
243,Customer_243,21,M,Pune,2021-05-25,High
244,Customer_244,31,M,Bangalore,2019-06-02,Low
245,Customer_245,48,M,Chennai,2023-01-04,High
246,Customer_246,45,M,Bangalore,2018-10-28,Medium
247,Customer_247,43,F,Pune,2021-11-07,Low
248,Customer_248,51,F,Delhi,2019-05-14,High
249,Customer_249,50,F,Pune,2018-08-05,Low
250,Customer_250,62,M,Delhi,2018-11-26,Low
251,Customer_251,55,M,Pune,2020-06-05,Medium
252,Customer_252,27,M,Chennai,2021-05-30,Medium
253,Customer_253,36,F,Hyderabad,2020-05-24,Medium
254,Customer_254,46,M,Chennai,2023-09-21,Low
255,Customer_255,22,F,Bangalore,2018-02-03,Low
256,Customer_256,21,F,Chennai,2022-05-01,Medium
257,Customer_257,32,M,Mumbai,2018-12-16,Low
258,Customer_258,25,M,Bangalore,2018-12-05,Low
259,Customer_259,57,F,Pune,2021-09-11,Low
260,Customer_260,52,M,Bangalore,2022-05-27,Low
261,Customer_261,29,F,Hyderabad,2017-03-23,High
262,Customer_262,61,M,Delhi,2018-08-27,Low
263,Customer_263,55,M,Pune,2022-05-25,High
264,Customer_264,39,F,Bangalore,2021-09-07,Low
265,Customer_265,36,M,Pune,2022-08-09,Medium
266,Customer_266,23,F,Pune,2019-06-22,Low
267,Customer_267,40,M,Pune,2017-12-31,Low
268,Customer_268,44,F,Delhi,2017-06-12,Low
269,Customer_269,53,F,Chennai,2022-02-07,Low
270,Customer_270,44,M,Pune,2017-04-26,Low
271,Customer_271,31,F,Mumbai,2023-07-13,High
272,Customer_272,28,M,Hyderabad,2019-05-31,Medium
273,Customer_273,56,M,Delhi,2019-04-20,Low
274,Customer_274,58,M,Bangalore,2023-01-04,Low
275,Customer_275,60,F,Delhi,2020-09-08,Low
276,Customer_276,40,F,Bangalore,2023-10-27,Low
277,Customer_277,55,M,Delhi,2019-11-03,Medium
278,Customer_278,45,M,Bangalore,2019-08-01,High
279,Customer_279,55,F,Pune,2021-09-21,Low
280,Customer_280,45,M,Chennai,2023-05-24,Low
281,Customer_281,49,M,Bangalore,2020-02-12,Low
282,Customer_282,38,F,Bangalore,2017-01-22,Medium
283,Customer_283,38,M,Mumbai,2021-10-16,Low
284,Customer_284,22,F,Bangalore,2018-11-14,Medium
285,Customer_285,55,M,Mumbai,2022-01-08,Medium
286,Customer_286,36,F,Hyderabad,2023-06-26,Low
287,Customer_287,61,M,Pune,2017-05-06,Medium
288,Customer_288,56,M,Mumbai,2017-10-04,Low
289,Customer_289,53,F,Chennai,2022-06-23,Medium
290,Customer_290,24,M,Pune,2020-05-12,Low
291,Customer_291,53,F,Mumbai,2023-02-20,Low
292,Customer_292,34,M,Pune,2018-11-27,High
293,Customer_293,41,F,Pune,2020-08-02,High
294,Customer_294,40,F,Pune,2017-02-26,Medium
295,Customer_295,28,F,Hyderabad,2017-01-19,Low
296,Customer_296,27,F,Chennai,2023-05-01,Medium
297,Customer_297,23,M,Delhi,2017-04-23,Low
298,Customer_298,37,M,Delhi,2018-06-26,High
299,Customer_299,53,F,Mumbai,2018-08-02,Low
300,Customer_300,32,F,Pune,2019-12-25,High
301,Customer_301,42,F,Mumbai,2017-01-25,High
302,Customer_302,42,M,Hyderabad,2021-04-22,Medium
303,Customer_303,50,M,Hyderabad,2022-08-11,Low
304,Customer_304,58,M,Bangalore,2021-04-22,Low
305,Customer_305,58,M,Hyderabad,2017-05-21,High
306,Customer_306,28,F,Bangalore,2021-11-03,Low
307,Customer_307,47,F,Chennai,2018-10-10,High
308,Customer_308,47,F,Mumbai,2023-02-14,Low
309,Customer_309,54,M,Chennai,2017-07-20,Low
310,Customer_310,41,M,Hyderabad,2017-09-14,High
311,Customer_311,50,M,Chennai,2018-07-01,Medium
312,Customer_312,53,F,Chennai,2023-02-20,Low
313,Customer_313,48,F,Chennai,2019-03-13,Low
314,Customer_314,53,M,Hyderabad,2019-07-31,Low
315,Customer_315,25,F,Pune,2018-02-18,Medium
316,Customer_316,39,M,Chennai,2022-07-08,Low
317,Customer_317,24,M,Bangalore,2020-10-13,High
318,Customer_318,55,F,Hyderabad,2020-01-04,High
319,Customer_319,37,M,Chennai,2019-06-29,Low
320,Customer_320,64,F,Pune,2017-07-07,Medium
321,Customer_321,48,M,Hyderabad,2022-07-09,Low
322,Customer_322,50,F,Delhi,2020-08-06,Low
323,Customer_323,49,F,Pune,2022-09-24,High
324,Customer_324,26,F,Bangalore,2022-11-01,Low
325,Customer_325,55,M,Chennai,2020-02-21,Low
326,Customer_326,61,M,Delhi,2017-12-24,Low
327,Customer_327,57,F,Delhi,2021-04-01,Low
328,Customer_328,44,F,Hyderabad,2019-12-26,Low
329,Customer_329,49,M,Delhi,2021-08-08,Medium
330,Customer_330,51,M,Bangalore,2023-08-20,Medium
331,Customer_331,55,M,Bangalore,2017-06-11,Medium
332,Customer_332,53,F,Mumbai,2023-06-28,Low
333,Customer_333,41,M,Bangalore,2018-03-26,Low
334,Customer_334,52,M,Pune,2021-02-06,Low
335,Customer_335,43,F,Delhi,2019-11-03,Low
336,Customer_336,53,M,Bangalore,2023-02-10,Low
337,Customer_337,23,M,Hyderabad,2022-11-29,Low
338,Customer_338,38,M,Mumbai,2022-05-05,Low
339,Customer_339,45,F,Delhi,2020-08-06,Low
340,Customer_340,62,F,Mumbai,2023-06-01,High
341,Customer_341,51,F,Delhi,2020-05-23,High
342,Customer_342,23,F,Hyderabad,2019-09-01,Medium
343,Customer_343,60,F,Mumbai,2018-09-24,High
344,Customer_344,44,F,Chennai,2021-05-10,Medium
345,Customer_345,52,F,Pune,2019-11-17,Low
346,Customer_346,42,M,Pune,2021-05-08,Low
347,Customer_347,43,M,Delhi,2023-06-27,Medium
348,Customer_348,22,F,Chennai,2021-08-21,Medium
349,Customer_349,47,M,Mumbai,2018-03-13,Medium
350,Customer_350,62,M,Chennai,2021-04-06,Medium
351,Customer_351,22,F,Chennai,2019-12-13,Low
352,Customer_352,46,M,Mumbai,2020-07-28,Medium
353,Customer_353,37,M,Hyderabad,2022-09-10,High
354,Customer_354,60,M,Chennai,2023-07-13,Low
355,Customer_355,53,M,Chennai,2017-07-02,Medium
356,Customer_356,29,M,Hyderabad,2021-01-09,Low
357,Customer_357,63,F,Chennai,2021-01-19,Medium
358,Customer_358,59,F,Chennai,2021-05-09,Medium
359,Customer_359,49,F,Chennai,2021-05-07,Low
360,Customer_360,62,M,Pune,2018-10-22,Medium
361,Customer_361,46,F,Bangalore,2017-06-09,Low
362,Customer_362,55,M,Hyderabad,2023-09-26,Medium
363,Customer_363,45,M,Chennai,2019-10-09,Low
364,Customer_364,44,M,Pune,2017-02-22,Medium
365,Customer_365,33,M,Hyderabad,2023-09-22,Low
366,Customer_366,27,F,Delhi,2019-11-12,Medium
367,Customer_367,56,F,Delhi,2019-11-20,Low
368,Customer_368,40,M,Chennai,2023-04-27,High
369,Customer_369,21,F,Pune,2020-05-13,High
370,Customer_370,28,M,Pune,2021-02-03,High
371,Customer_371,36,F,Hyderabad,2021-01-29,Medium
372,Customer_372,34,F,Hyderabad,2019-11-02,Medium
373,Customer_373,32,M,Pune,2022-05-05,Low
374,Customer_374,43,F,Hyderabad,2019-04-30,Low
375,Customer_375,35,M,Pune,2017-12-20,Low
376,Customer_376,48,F,Bangalore,2020-01-04,Medium
377,Customer_377,54,M,Pune,2021-10-06,High
378,Customer_378,22,M,Delhi,2021-01-04,Low
379,Customer_379,52,F,Hyderabad,2019-09-18,High
380,Customer_380,43,F,Pune,2020-06-18,Medium
381,Customer_381,42,M,Pune,2022-02-28,Medium
382,Customer_382,45,F,Hyderabad,2021-12-15,Low
383,Customer_383,42,F,Bangalore,2023-05-31,Low
384,Customer_384,42,M,Bangalore,2023-03-07,Low
385,Customer_385,62,M,Hyderabad,2020-01-17,Medium
386,Customer_386,26,F,Mumbai,2019-03-29,Low
387,Customer_387,35,M,Hyderabad,2021-12-05,Low
388,Customer_388,63,M,Hyderabad,2022-05-15,High
389,Customer_389,57,M,Bangalore,2023-09-04,Medium
390,Customer_390,53,F,Bangalore,2023-07-01,High
391,Customer_391,28,F,Hyderabad,2019-06-08,Low
392,Customer_392,64,M,Hyderabad,2022-01-30,Low
393,Customer_393,64,F,Hyderabad,2020-03-26,Medium
394,Customer_394,25,M,Bangalore,2018-10-30,Low
395,Customer_395,59,F,Hyderabad,2018-09-25,Low
396,Customer_396,24,M,Hyderabad,2021-07-01,Low
397,Customer_397,26,M,Chennai,2017-05-17,Low
398,Customer_398,52,F,Mumbai,2022-05-01,Low
399,Customer_399,50,M,Delhi,2021-08-25,Low
400,Customer_400,55,F,Mumbai,2018-03-04,Low
401,Customer_401,60,F,Chennai,2021-01-15,Low
402,Customer_402,36,M,Delhi,2019-03-30,Medium
403,Customer_403,33,M,Hyderabad,2022-12-29,Low
404,Customer_404,62,F,Chennai,2020-01-12,Medium
405,Customer_405,50,M,Hyderabad,2023-02-03,Low
406,Customer_406,39,M,Bangalore,2017-07-17,Low
407,Customer_407,37,M,Pune,2022-06-19,Medium
408,Customer_408,39,M,Chennai,2023-09-15,Low
409,Customer_409,48,M,Bangalore,2018-04-16,Low
410,Customer_410,46,F,Chennai,2023-03-16,Low
411,Customer_411,57,F,Chennai,2022-05-03,High
412,Customer_412,46,M,Bangalore,2019-07-18,Low
413,Customer_413,43,M,Delhi,2022-07-04,Low
414,Customer_414,29,M,Mumbai,2019-06-25,Medium
415,Customer_415,32,F,Hyderabad,2023-02-01,Low
416,Customer_416,21,M,Chennai,2017-01-23,Low
417,Customer_417,21,F,Hyderabad,2017-08-23,Low
418,Customer_418,54,F,Pune,2020-01-30,Medium
419,Customer_419,52,F,Bangalore,2019-07-18,Low
420,Customer_420,45,M,Hyderabad,2018-06-07,Low
421,Customer_421,60,F,Bangalore,2021-12-14,Low
422,Customer_422,21,M,Hyderabad,2018-03-07,Medium
423,Customer_423,36,F,Mumbai,2019-03-04,Low
424,Customer_424,59,M,Mumbai,2021-06-18,High
425,Customer_425,25,F,Mumbai,2021-10-03,Low
426,Customer_426,42,M,Mumbai,2018-06-17,High
427,Customer_427,49,F,Mumbai,2021-10-13,High
428,Customer_428,23,M,Mumbai,2021-08-03,Low
429,Customer_429,32,M,Bangalore,2020-08-09,Low
430,Customer_430,46,M,Chennai,2019-07-02,Low
431,Customer_431,36,M,Hyderabad,2020-01-30,Low
432,Customer_432,57,F,Mumbai,2021-03-06,Medium
433,Customer_433,42,F,Bangalore,2020-08-20,Low
434,Customer_434,49,M,Bangalore,2019-10-21,Low
435,Customer_435,34,F,Bangalore,2021-04-26,Low
436,Customer_436,48,M,Chennai,2020-10-10,High
437,Customer_437,25,M,Hyderabad,2021-02-28,Low
438,Customer_438,50,F,Chennai,2021-08-09,Low
439,Customer_439,25,M,Delhi,2022-06-21,Low
440,Customer_440,32,M,Bangalore,2017-08-15,High
441,Customer_441,36,F,Delhi,2020-06-13,Medium
442,Customer_442,46,M,Pune,2019-05-23,Low
443,Customer_443,46,M,Mumbai,2019-06-11,Low
444,Customer_444,41,M,Mumbai,2021-01-18,Low
445,Customer_445,59,M,Chennai,2019-11-03,Low
446,Customer_446,56,F,Hyderabad,2023-03-08,High
447,Customer_447,53,F,Delhi,2018-02-01,Medium
448,Customer_448,50,F,Hyderabad,2020-01-29,Low
449,Customer_449,57,M,Chennai,2022-09-10,High
450,Customer_450,43,M,Mumbai,2018-10-11,Low
451,Customer_451,30,F,Hyderabad,2017-11-25,Medium
452,Customer_452,25,M,Hyderabad,2021-01-22,High
453,Customer_453,56,M,Mumbai,2019-08-10,Low
454,Customer_454,54,M,Delhi,2022-06-29,Medium
455,Customer_455,51,M,Mumbai,2022-07-10,Low
456,Customer_456,30,F,Hyderabad,2022-02-22,Low
457,Customer_457,39,F,Delhi,2020-04-11,Low
458,Customer_458,52,F,Delhi,2021-11-08,Low
459,Customer_459,21,M,Mumbai,2017-06-11,Medium
460,Customer_460,25,F,Hyderabad,2021-10-18,High
461,Customer_461,24,F,Chennai,2019-02-15,Medium
462,Customer_462,36,M,Hyderabad,2022-01-02,High
463,Customer_463,44,M,Bangalore,2023-05-11,Medium
464,Customer_464,36,F,Pune,2019-11-18,Low
465,Customer_465,22,F,Chennai,2023-07-02,Low
466,Customer_466,48,F,Delhi,2019-07-29,Low
467,Customer_467,52,F,Chennai,2018-06-24,Medium
468,Customer_468,47,M,Delhi,2019-04-02,High
469,Customer_469,40,F,Delhi,2021-01-01,Low
470,Customer_470,44,F,Chennai,2019-12-25,Medium
471,Customer_471,32,M,Delhi,2017-12-22,Medium
472,Customer_472,55,F,Delhi,2017-08-23,Low
473,Customer_473,53,M,Bangalore,2023-03-25,Low
474,Customer_474,53,M,Hyderabad,2021-03-29,Low
475,Customer_475,63,M,Hyderabad,2022-09-28,Low
476,Customer_476,57,F,Pune,2017-04-28,Low
477,Customer_477,32,F,Pune,2022-10-03,Low
478,Customer_478,23,M,Bangalore,2021-08-01,Low
479,Customer_479,21,F,Pune,2019-12-04,Low
480,Customer_480,53,F,Chennai,2022-10-02,High
481,Customer_481,60,M,Mumbai,2018-07-12,Low
482,Customer_482,30,M,Mumbai,2021-12-21,Medium
483,Customer_483,63,F,Mumbai,2022-06-29,Low
484,Customer_484,64,M,Bangalore,2018-02-02,Low
485,Customer_485,49,F,Bangalore,2018-11-06,High
486,Customer_486,33,F,Delhi,2018-01-22,Low
487,Customer_487,32,F,Mumbai,2022-11-29,Low
488,Customer_488,51,F,Chennai,2022-08-27,Medium
489,Customer_489,22,M,Pune,2019-06-03,Low
490,Customer_490,55,M,Chennai,2018-06-25,Low
491,Customer_491,43,M,Pune,2017-06-20,Low
492,Customer_492,37,M,Mumbai,2023-09-23,Low
493,Customer_493,46,F,Mumbai,2019-01-10,Low
494,Customer_494,28,F,Mumbai,2020-11-02,Low
495,Customer_495,49,M,Bangalore,2023-03-28,High
496,Customer_496,46,F,Pune,2017-04-29,Medium
497,Customer_497,30,F,Bangalore,2022-11-22,Medium
498,Customer_498,46,F,Bangalore,2022-06-19,Medium
499,Customer_499,54,M,Hyderabad,2021-09-02,High
500,Customer_500,61,M,Chennai,2021-09-19,Low
501,Customer_501,27,M,Chennai,2023-02-01,High
502,Customer_502,24,F,Delhi,2021-08-25,Medium
503,Customer_503,31,M,Bangalore,2020-12-15,Medium
504,Customer_504,49,M,Pune,2021-10-26,Low
505,Customer_505,56,M,Hyderabad,2021-03-05,Low
506,Customer_506,45,M,Hyderabad,2018-10-27,Low
507,Customer_507,41,M,Chennai,2017-02-02,Medium
508,Customer_508,56,M,Bangalore,2022-10-04,Low
509,Customer_509,30,F,Delhi,2022-08-22,Medium
510,Customer_510,57,F,Bangalore,2021-04-01,Low
511,Customer_511,29,M,Mumbai,2018-12-21,Low
512,Customer_512,44,M,Bangalore,2023-08-18,Low
513,Customer_513,55,F,Mumbai,2018-04-29,Low
514,Customer_514,55,F,Mumbai,2019-08-31,Low
515,Customer_515,56,M,Delhi,2017-11-03,Low
516,Customer_516,38,M,Pune,2018-04-02,High
517,Customer_517,59,M,Chennai,2023-01-17,Low
518,Customer_518,52,M,Bangalore,2017-11-27,Low
519,Customer_519,44,F,Mumbai,2017-08-13,Medium
520,Customer_520,43,M,Bangalore,2021-01-19,High
521,Customer_521,52,M,Pune,2019-12-19,Medium
522,Customer_522,57,M,Chennai,2018-10-06,Low
523,Customer_523,32,M,Pune,2018-09-08,High
524,Customer_524,33,F,Chennai,2017-07-14,Medium
525,Customer_525,43,F,Hyderabad,2018-05-04,Low
526,Customer_526,45,F,Chennai,2023-01-14,Low
527,Customer_527,55,M,Delhi,2020-06-03,Low
528,Customer_528,61,M,Pune,2023-09-26,Low
529,Customer_529,50,F,Mumbai,2020-01-08,Medium
530,Customer_530,37,M,Hyderabad,2020-02-22,Low
531,Customer_531,40,M,Delhi,2020-05-26,High
532,Customer_532,45,F,Bangalore,2018-05-31,Low
533,Customer_533,42,F,Pune,2021-06-14,Low
534,Customer_534,33,F,Mumbai,2020-02-02,Low
535,Customer_535,39,F,Chennai,2018-01-28,Low
536,Customer_536,56,M,Mumbai,2018-09-23,Medium
537,Customer_537,32,M,Bangalore,2022-01-22,Medium
538,Customer_538,61,F,Hyderabad,2019-09-07,Low
539,Customer_539,39,M,Hyderabad,2018-03-10,Low
540,Customer_540,32,F,Pune,2017-10-05,Low
541,Customer_541,29,F,Hyderabad,2017-08-21,Medium
542,Customer_542,27,M,Pune,2021-04-02,Low
543,Customer_543,48,F,Pune,2021-05-14,Low
544,Customer_544,34,M,Pune,2020-01-19,Medium
545,Customer_545,51,M,Chennai,2023-08-07,High
546,Customer_546,39,M,Delhi,2017-01-26,Low
547,Customer_547,36,M,Pune,2020-11-18,Low
548,Customer_548,25,F,Pune,2023-05-04,Medium
549,Customer_549,55,M,Delhi,2018-04-06,Medium
550,Customer_550,32,F,Mumbai,2019-12-28,Low
551,Customer_551,45,F,Pune,2019-10-04,High
552,Customer_552,41,F,Chennai,2022-06-18,Medium
553,Customer_553,56,F,Hyderabad,2018-05-06,Low
554,Customer_554,43,M,Hyderabad,2019-12-09,Low
555,Customer_555,36,M,Bangalore,2017-08-04,Low
556,Customer_556,59,F,Bangalore,2021-09-20,Medium
557,Customer_557,62,F,Hyderabad,2021-05-12,Low
558,Customer_558,59,M,Hyderabad,2017-06-08,Medium
559,Customer_559,34,F,Chennai,2018-11-17,Medium
560,Customer_560,51,M,Delhi,2021-11-12,Low
561,Customer_561,25,F,Bangalore,2022-08-15,Medium
562,Customer_562,55,M,Delhi,2022-01-18,High
563,Customer_563,43,F,Chennai,2023-08-06,Low
564,Customer_564,49,F,Hyderabad,2023-04-15,Low
565,Customer_565,63,M,Pune,2021-05-09,Low
566,Customer_566,31,F,Delhi,2021-08-24,High
567,Customer_567,38,F,Hyderabad,2023-10-06,High
568,Customer_568,32,M,Hyderabad,2022-05-01,Low
569,Customer_569,29,F,Mumbai,2022-08-25,Medium
570,Customer_570,30,M,Delhi,2020-02-20,Low
571,Customer_571,64,M,Pune,2023-05-14,Low
572,Customer_572,37,F,Delhi,2021-05-01,Low
573,Customer_573,58,F,Hyderabad,2023-10-30,Low
574,Customer_574,27,F,Pune,2023-03-08,Low
575,Customer_575,33,F,Chennai,2023-06-08,Low
576,Customer_576,60,F,Mumbai,2022-04-17,Low
577,Customer_577,62,F,Hyderabad,2021-10-24,High
578,Customer_578,29,F,Bangalore,2022-08-13,Low
579,Customer_579,47,M,Bangalore,2019-09-17,Low
580,Customer_580,22,F,Mumbai,2021-03-22,Low
581,Customer_581,25,M,Chennai,2020-01-22,Medium
582,Customer_582,49,F,Hyderabad,2018-05-08,Low
583,Customer_583,57,F,Delhi,2018-09-12,Low
584,Customer_584,58,M,Mumbai,2023-07-07,High
585,Customer_585,39,F,Chennai,2023-07-09,Low
586,Customer_586,28,F,Delhi,2022-09-29,Low
587,Customer_587,21,M,Bangalore,2021-03-27,Medium
588,Customer_588,42,F,Bangalore,2019-05-13,Low
589,Customer_589,37,F,Delhi,2021-08-19,Low
590,Customer_590,27,F,Mumbai,2021-05-25,Low
591,Customer_591,45,M,Bangalore,2023-05-09,Low
592,Customer_592,24,F,Hyderabad,2018-08-03,Low
593,Customer_593,56,F,Pune,2022-03-06,Low
594,Customer_594,26,F,Delhi,2020-06-29,Low
595,Customer_595,51,F,Delhi,2022-01-30,Low
596,Customer_596,39,M,Bangalore,2023-10-30,Medium
597,Customer_597,64,M,Mumbai,2020-09-17,Low
598,Customer_598,59,F,Hyderabad,2020-03-08,Low
599,Customer_599,47,F,Mumbai,2017-12-23,High
600,Customer_600,30,M,Chennai,2021-06-13,Medium
601,Customer_601,46,M,Chennai,2023-05-11,Low
602,Customer_602,39,F,Pune,2022-06-30,High
603,Customer_603,59,M,Bangalore,2023-06-17,Low
604,Customer_604,23,F,Bangalore,2019-05-20,Low
605,Customer_605,33,M,Bangalore,2019-06-05,Medium
606,Customer_606,48,M,Pune,2022-06-25,Low
607,Customer_607,40,M,Chennai,2023-01-11,Low
608,Customer_608,48,M,Mumbai,2020-11-14,Low
609,Customer_609,28,F,Pune,2020-07-07,Low
610,Customer_610,61,M,Pune,2018-09-12,Low
611,Customer_611,59,M,Mumbai,2019-06-02,High
612,Customer_612,21,F,Bangalore,2019-03-08,Low
613,Customer_613,23,M,Hyderabad,2022-12-13,High
614,Customer_614,33,M,Mumbai,2020-07-20,Low
615,Customer_615,48,F,Chennai,2018-09-11,Medium
616,Customer_616,45,M,Delhi,2022-01-09,Medium
617,Customer_617,53,F,Delhi,2017-09-02,Medium
618,Customer_618,58,F,Pune,2023-11-03,Low
619,Customer_619,26,F,Delhi,2019-07-19,Low
620,Customer_620,64,F,Hyderabad,2020-06-24,Low
621,Customer_621,52,M,Bangalore,2018-06-04,High
622,Customer_622,41,F,Chennai,2023-08-07,Medium
623,Customer_623,36,M,Hyderabad,2017-01-08,Low
624,Customer_624,41,M,Chennai,2022-07-13,Low
625,Customer_625,31,M,Chennai,2018-05-10,Low
626,Customer_626,57,M,Bangalore,2021-06-18,Medium
627,Customer_627,56,M,Pune,2019-11-29,Low
628,Customer_628,55,M,Delhi,2017-07-06,Medium
629,Customer_629,39,M,Bangalore,2022-02-21,High
630,Customer_630,40,M,Hyderabad,2022-11-11,Low
631,Customer_631,38,M,Pune,2017-03-27,Low
632,Customer_632,61,M,Hyderabad,2017-05-17,Low
633,Customer_633,34,F,Pune,2023-10-05,Low
634,Customer_634,35,F,Hyderabad,2022-10-23,Low
635,Customer_635,51,F,Bangalore,2021-06-25,Low
636,Customer_636,21,M,Pune,2023-01-28,High
637,Customer_637,23,F,Pune,2021-10-18,Low
638,Customer_638,36,F,Chennai,2023-01-27,Low
639,Customer_639,43,F,Chennai,2021-11-23,High
640,Customer_640,31,M,Mumbai,2019-05-22,Medium
641,Customer_641,32,M,Hyderabad,2023-06-28,Low
642,Customer_642,30,M,Chennai,2019-08-02,Low
643,Customer_643,52,M,Mumbai,2021-06-15,Low
644,Customer_644,36,F,Chennai,2017-12-15,Medium
645,Customer_645,28,F,Hyderabad,2021-08-04,Medium
646,Customer_646,58,F,Pune,2020-04-11,Medium
647,Customer_647,32,F,Delhi,2017-01-10,Low
648,Customer_648,44,M,Hyderabad,2021-01-01,Medium
649,Customer_649,48,M,Bangalore,2018-10-29,Low
650,Customer_650,28,M,Chennai,2021-03-03,Low
651,Customer_651,48,F,Chennai,2022-12-17,Low
652,Customer_652,56,M,Pune,2018-08-24,Low
653,Customer_653,46,M,Bangalore,2017-11-23,Low
654,Customer_654,28,F,Pune,2019-09-07,Medium
655,Customer_655,48,F,Bangalore,2023-09-18,High
656,Customer_656,48,M,Delhi,2018-09-21,Low
657,Customer_657,57,M,Chennai,2021-06-18,Low
658,Customer_658,61,M,Chennai,2017-10-01,Low
659,Customer_659,56,M,Delhi,2018-11-16,Low
660,Customer_660,47,M,Mumbai,2017-04-26,Low
661,Customer_661,37,M,Pune,2019-05-11,High
662,Customer_662,29,F,Delhi,2022-06-27,Low
663,Customer_663,53,F,Pune,2018-11-24,Low
664,Customer_664,40,F,Hyderabad,2020-01-11,Low
665,Customer_665,33,M,Chennai,2023-06-30,High
666,Customer_666,48,F,Pune,2022-12-02,Medium
667,Customer_667,49,M,Bangalore,2021-11-28,High
668,Customer_668,33,M,Pune,2017-06-03,Medium
669,Customer_669,55,F,Hyderabad,2022-03-16,Low
670,Customer_670,26,M,Chennai,2020-11-28,Low
671,Customer_671,38,M,Delhi,2020-07-13,Medium
672,Customer_672,25,F,Hyderabad,2017-11-11,Low
673,Customer_673,45,F,Chennai,2019-12-01,Low
674,Customer_674,22,F,Pune,2017-04-15,Low
675,Customer_675,30,M,Mumbai,2022-04-09,Low
676,Customer_676,50,F,Mumbai,2022-03-29,Low
677,Customer_677,25,F,Bangalore,2020-05-01,Low
678,Customer_678,53,M,Chennai,2020-11-25,Medium
679,Customer_679,21,F,Mumbai,2023-07-30,Low
680,Customer_680,38,F,Delhi,2021-11-08,Low
681,Customer_681,52,F,Chennai,2022-05-15,Low
682,Customer_682,31,M,Delhi,2021-05-23,Low
683,Customer_683,41,M,Delhi,2018-12-10,Low
684,Customer_684,46,M,Mumbai,2018-10-13,Low
685,Customer_685,45,M,Chennai,2019-08-05,Low
686,Customer_686,42,F,Pune,2018-10-23,Low
687,Customer_687,47,M,Hyderabad,2022-11-17,Low
688,Customer_688,33,M,Mumbai,2023-05-19,Low
689,Customer_689,53,F,Mumbai,2023-09-17,Low
690,Customer_690,54,F,Pune,2020-02-07,Low
691,Customer_691,61,F,Chennai,2018-12-01,Low
692,Customer_692,55,M,Chennai,2023-02-25,Medium
693,Customer_693,21,M,Delhi,2022-08-01,Low
694,Customer_694,41,M,Pune,2023-07-03,Low
695,Customer_695,26,F,Pune,2023-01-11,Low
696,Customer_696,48,F,Chennai,2018-07-06,Medium
697,Customer_697,37,M,Delhi,2018-02-09,High
698,Customer_698,25,F,Mumbai,2018-04-07,Medium
699,Customer_699,51,F,Bangalore,2022-12-20,Medium
700,Customer_700,25,F,Hyderabad,2019-05-24,Low
701,Customer_701,58,M,Mumbai,2017-03-25,Medium
702,Customer_702,23,F,Chennai,2020-11-23,Low
703,Customer_703,43,F,Hyderabad,2017-08-09,Low
704,Customer_704,57,M,Bangalore,2020-10-23,Low
705,Customer_705,57,M,Bangalore,2017-04-22,Low
706,Customer_706,30,F,Delhi,2018-09-07,High
707,Customer_707,30,F,Hyderabad,2021-05-01,Low
708,Customer_708,39,M,Delhi,2018-04-20,Medium
709,Customer_709,37,M,Mumbai,2022-03-29,Low
710,Customer_710,41,F,Pune,2017-09-28,Low
711,Customer_711,34,F,Pune,2023-10-05,Low
712,Customer_712,29,F,Pune,2022-04-05,Low
713,Customer_713,21,F,Hyderabad,2020-10-22,Medium
714,Customer_714,33,M,Pune,2017-02-09,Low
715,Customer_715,24,F,Mumbai,2022-06-06,Low
716,Customer_716,21,F,Delhi,2023-02-15,Medium
717,Customer_717,60,M,Hyderabad,2019-09-21,Low
718,Customer_718,52,F,Delhi,2022-07-06,High
719,Customer_719,54,M,Hyderabad,2017-10-17,Low
720,Customer_720,48,F,Delhi,2023-10-17,Low
721,Customer_721,51,F,Bangalore,2017-10-06,Low
722,Customer_722,28,M,Delhi,2018-08-04,Low
723,Customer_723,59,M,Pune,2019-05-13,Low
724,Customer_724,46,F,Bangalore,2017-09-11,Medium
725,Customer_725,54,F,Delhi,2017-06-30,High
726,Customer_726,23,F,Hyderabad,2018-11-12,Medium
727,Customer_727,32,M,Hyderabad,2019-04-05,Low
728,Customer_728,21,F,Hyderabad,2018-12-01,Low
729,Customer_729,64,M,Chennai,2020-09-11,Low
730,Customer_730,25,M,Mumbai,2020-10-12,Low
731,Customer_731,50,F,Hyderabad,2021-08-01,Medium
732,Customer_732,50,M,Bangalore,2023-09-05,Low
733,Customer_733,37,F,Hyderabad,2021-06-27,Low
734,Customer_734,43,F,Chennai,2022-05-12,Low
735,Customer_735,35,F,Pune,2017-07-31,High
736,Customer_736,57,F,Bangalore,2021-03-19,Low
737,Customer_737,41,F,Chennai,2018-01-19,Low
738,Customer_738,34,M,Pune,2021-09-11,Low
739,Customer_739,22,M,Bangalore,2017-12-08,Low
740,Customer_740,31,F,Delhi,2022-01-13,Low
741,Customer_741,59,F,Mumbai,2022-06-11,Low
742,Customer_742,58,M,Mumbai,2019-04-24,Medium
743,Customer_743,54,M,Chennai,2021-03-15,Low
744,Customer_744,58,M,Pune,2018-02-24,Medium
745,Customer_745,54,M,Mumbai,2022-06-12,High
746,Customer_746,38,F,Pune,2022-04-17,Medium
747,Customer_747,50,F,Pune,2022-01-24,Low
748,Customer_748,35,M,Chennai,2017-11-02,Low
749,Customer_749,47,F,Chennai,2019-05-19,Medium
750,Customer_750,54,M,Chennai,2020-02-10,Medium
751,Customer_751,58,F,Mumbai,2020-12-05,Low
752,Customer_752,53,M,Chennai,2017-07-25,Medium
753,Customer_753,44,F,Mumbai,2018-05-11,Low
754,Customer_754,35,M,Chennai,2022-03-25,Low
755,Customer_755,50,M,Hyderabad,2019-11-12,Low
756,Customer_756,62,F,Pune,2017-08-01,Low
757,Customer_757,37,M,Chennai,2017-11-06,Low
758,Customer_758,25,F,Bangalore,2022-06-15,Medium
759,Customer_759,49,F,Pune,2017-09-29,Low
760,Customer_760,24,M,Pune,2021-12-28,Low
761,Customer_761,30,F,Chennai,2022-09-11,Low
762,Customer_762,37,F,Delhi,2018-03-19,Low
763,Customer_763,30,F,Chennai,2023-01-19,Low
764,Customer_764,37,F,Pune,2017-09-11,Medium
765,Customer_765,40,F,Bangalore,2018-06-05,Medium
766,Customer_766,44,M,Pune,2019-09-04,Medium
767,Customer_767,25,F,Bangalore,2017-01-10,Medium
768,Customer_768,54,F,Mumbai,2021-05-03,Low
769,Customer_769,26,F,Hyderabad,2023-10-20,Low
770,Customer_770,22,F,Pune,2020-02-09,Low
771,Customer_771,33,F,Chennai,2017-06-02,Low
772,Customer_772,63,M,Mumbai,2021-07-17,High
773,Customer_773,63,F,Hyderabad,2022-01-31,Low
774,Customer_774,31,M,Chennai,2020-04-29,Low
775,Customer_775,43,M,Delhi,2021-10-19,High
776,Customer_776,36,M,Chennai,2020-01-10,High
777,Customer_777,51,M,Bangalore,2019-06-14,Medium
778,Customer_778,31,F,Bangalore,2020-01-17,Low
779,Customer_779,36,M,Delhi,2017-04-14,Low
780,Customer_780,28,M,Mumbai,2022-03-30,Low
781,Customer_781,24,F,Hyderabad,2019-10-04,Low
782,Customer_782,60,F,Chennai,2018-02-11,Low
783,Customer_783,24,F,Bangalore,2020-11-02,Low
784,Customer_784,45,M,Mumbai,2017-06-16,High
785,Customer_785,23,F,Delhi,2018-05-24,Low
786,Customer_786,52,F,Pune,2021-07-20,Medium
787,Customer_787,23,M,Bangalore,2023-06-19,Medium
788,Customer_788,47,F,Delhi,2019-02-02,Low
789,Customer_789,49,F,Chennai,2018-11-12,Medium
790,Customer_790,52,F,Hyderabad,2022-10-22,Low
791,Customer_791,39,F,Bangalore,2020-03-10,Low
792,Customer_792,41,M,Bangalore,2018-08-05,Medium
793,Customer_793,25,F,Chennai,2017-09-19,Low
794,Customer_794,38,F,Pune,2020-09-25,High
795,Customer_795,48,M,Mumbai,2020-08-24,Low
796,Customer_796,62,F,Hyderabad,2023-04-12,Low
797,Customer_797,42,M,Bangalore,2021-03-19,Low
798,Customer_798,41,F,Hyderabad,2018-07-15,Low
799,Customer_799,26,M,Bangalore,2020-01-05,Low
800,Customer_800,21,M,Hyderabad,2022-03-19,Medium
801,Customer_801,25,M,Delhi,2017-06-24,Medium
802,Customer_802,61,M,Bangalore,2022-11-27,Medium
803,Customer_803,32,F,Hyderabad,2023-02-09,Low
804,Customer_804,46,M,Mumbai,2017-07-11,Medium
805,Customer_805,54,F,Delhi,2017-03-06,Medium
806,Customer_806,34,M,Delhi,2021-02-06,Medium
807,Customer_807,46,M,Mumbai,2021-04-17,Low
808,Customer_808,47,M,Hyderabad,2020-02-26,Medium
809,Customer_809,29,F,Chennai,2022-04-22,Medium
810,Customer_810,46,M,Mumbai,2018-01-04,Low
811,Customer_811,42,F,Hyderabad,2019-05-01,Medium
812,Customer_812,50,F,Mumbai,2017-02-12,Low
813,Customer_813,63,F,Mumbai,2022-03-23,Low
814,Customer_814,37,F,Bangalore,2017-03-19,Low
815,Customer_815,46,F,Hyderabad,2021-12-30,Low
816,Customer_816,56,F,Chennai,2020-07-17,Low
817,Customer_817,21,F,Bangalore,2018-11-05,Medium
818,Customer_818,28,F,Mumbai,2018-12-02,Low
819,Customer_819,55,F,Pune,2019-01-29,Medium
820,Customer_820,35,M,Mumbai,2022-04-08,High
821,Customer_821,42,M,Mumbai,2019-06-21,Low
822,Customer_822,34,M,Hyderabad,2019-09-20,High
823,Customer_823,46,M,Hyderabad,2020-04-06,High
824,Customer_824,48,M,Bangalore,2023-07-15,Medium
825,Customer_825,43,F,Chennai,2023-02-19,Medium
826,Customer_826,34,F,Bangalore,2021-01-16,High
827,Customer_827,44,F,Delhi,2023-05-20,Medium
828,Customer_828,22,F,Mumbai,2018-01-25,Low
829,Customer_829,46,F,Pune,2019-09-27,Medium
830,Customer_830,34,F,Mumbai,2018-06-09,Medium
831,Customer_831,27,F,Mumbai,2022-01-30,Low
832,Customer_832,23,M,Bangalore,2021-02-15,Low
833,Customer_833,43,M,Pune,2018-10-21,Medium
834,Customer_834,63,M,Pune,2019-06-10,Low
835,Customer_835,38,M,Pune,2021-01-21,High
836,Customer_836,58,F,Bangalore,2018-03-28,Low
837,Customer_837,55,F,Mumbai,2023-10-12,Low
838,Customer_838,35,F,Bangalore,2021-03-18,Low
839,Customer_839,45,M,Hyderabad,2019-06-02,Low
840,Customer_840,57,F,Hyderabad,2017-11-09,Medium
841,Customer_841,48,F,Bangalore,2019-04-20,High
842,Customer_842,30,F,Pune,2018-01-10,Medium
843,Customer_843,59,M,Mumbai,2018-03-27,Low
844,Customer_844,37,F,Bangalore,2018-08-18,Low
845,Customer_845,59,M,Bangalore,2020-05-18,Medium
846,Customer_846,42,M,Bangalore,2018-05-15,High
847,Customer_847,46,M,Delhi,2018-04-09,Low
848,Customer_848,64,M,Hyderabad,2017-04-23,Low
849,Customer_849,45,F,Pune,2019-11-02,Low
850,Customer_850,37,M,Chennai,2023-07-07,High
851,Customer_851,33,M,Pune,2022-04-09,Medium
852,Customer_852,40,F,Chennai,2017-05-20,Low
853,Customer_853,45,F,Delhi,2020-11-25,Low
854,Customer_854,24,M,Bangalore,2018-06-01,High
855,Customer_855,30,F,Delhi,2022-05-02,Low
856,Customer_856,23,M,Delhi,2022-12-06,Low
857,Customer_857,61,M,Mumbai,2019-06-07,Low
858,Customer_858,38,M,Hyderabad,2020-09-03,Low
859,Customer_859,56,M,Chennai,2017-02-19,Low
860,Customer_860,42,F,Bangalore,2017-01-19,Medium
861,Customer_861,54,M,Chennai,2018-12-27,High
862,Customer_862,28,F,Pune,2023-02-23,Medium
863,Customer_863,60,F,Chennai,2021-01-13,High
864,Customer_864,64,F,Pune,2018-03-28,Low
865,Customer_865,39,F,Hyderabad,2023-05-26,Medium
866,Customer_866,62,M,Pune,2020-03-10,Low
867,Customer_867,61,F,Chennai,2020-01-13,Medium
868,Customer_868,57,M,Chennai,2023-09-05,High
869,Customer_869,26,F,Pune,2017-08-03,Low
870,Customer_870,46,F,Delhi,2021-03-30,Low
871,Customer_871,54,M,Hyderabad,2023-03-13,Low
872,Customer_872,26,M,Mumbai,2017-05-08,Low
873,Customer_873,57,M,Bangalore,2022-01-20,Low
874,Customer_874,53,F,Chennai,2019-01-30,Medium
875,Customer_875,42,F,Bangalore,2023-09-18,High
876,Customer_876,41,M,Mumbai,2021-12-21,Low
877,Customer_877,26,M,Bangalore,2023-07-14,Low
878,Customer_878,26,M,Mumbai,2017-12-27,Low
879,Customer_879,24,M,Pune,2018-07-23,High
880,Customer_880,50,F,Delhi,2020-11-16,Low
881,Customer_881,31,M,Chennai,2023-03-16,Low
882,Customer_882,50,M,Mumbai,2021-05-17,Low
883,Customer_883,51,M,Bangalore,2021-08-20,Low
884,Customer_884,44,M,Chennai,2017-07-21,Low
885,Customer_885,29,F,Delhi,2022-08-27,High
886,Customer_886,23,M,Pune,2023-06-28,Low
887,Customer_887,51,F,Chennai,2018-06-02,Medium
888,Customer_888,60,M,Mumbai,2020-09-10,Low
889,Customer_889,57,M,Delhi,2020-12-06,Medium
890,Customer_890,56,F,Bangalore,2020-09-03,Medium
891,Customer_891,44,M,Delhi,2018-11-12,Low
892,Customer_892,51,F,Delhi,2022-06-12,Low
893,Customer_893,26,F,Hyderabad,2021-01-31,Low
894,Customer_894,22,M,Delhi,2018-03-01,Medium
895,Customer_895,40,F,Delhi,2022-05-23,Low
896,Customer_896,48,F,Chennai,2021-09-09,High
897,Customer_897,31,F,Bangalore,2023-09-01,Low
898,Customer_898,24,F,Chennai,2019-02-17,Medium
899,Customer_899,35,F,Chennai,2022-11-16,Medium
900,Customer_900,26,F,Mumbai,2022-01-01,Medium
901,Customer_901,50,F,Chennai,2017-07-27,Low
902,Customer_902,58,F,Hyderabad,2021-03-18,Low
903,Customer_903,22,M,Hyderabad,2021-07-18,Medium
904,Customer_904,35,M,Mumbai,2023-01-23,Low
905,Customer_905,31,F,Pune,2017-01-22,Low
906,Customer_906,28,M,Bangalore,2017-06-03,Low
907,Customer_907,46,F,Bangalore,2022-05-17,Low
908,Customer_908,64,F,Chennai,2017-08-07,Low
909,Customer_909,25,M,Chennai,2018-10-31,Low
910,Customer_910,26,F,Pune,2021-02-27,Low
911,Customer_911,46,F,Chennai,2023-03-28,Medium
912,Customer_912,24,F,Bangalore,2022-08-30,Medium
913,Customer_913,39,F,Delhi,2019-08-08,Medium
914,Customer_914,40,M,Hyderabad,2023-01-05,High
915,Customer_915,53,F,Delhi,2018-02-07,Low
916,Customer_916,40,F,Delhi,2018-08-19,Low
917,Customer_917,32,F,Bangalore,2023-08-12,Low
918,Customer_918,21,M,Delhi,2020-12-08,Low
919,Customer_919,46,F,Pune,2020-03-03,High
920,Customer_920,34,M,Mumbai,2021-10-09,Low
921,Customer_921,58,M,Chennai,2020-07-30,Low
922,Customer_922,57,F,Mumbai,2017-03-14,Low
923,Customer_923,31,F,Hyderabad,2018-04-26,Low
924,Customer_924,56,M,Chennai,2018-07-14,Medium
925,Customer_925,33,F,Delhi,2019-01-15,Low
926,Customer_926,63,M,Hyderabad,2021-01-06,High
927,Customer_927,23,M,Chennai,2017-04-10,Low
928,Customer_928,53,F,Pune,2019-12-19,Low
929,Customer_929,26,F,Pune,2023-04-25,High
930,Customer_930,30,M,Pune,2018-02-17,Low
931,Customer_931,25,M,Pune,2019-12-25,High
932,Customer_932,43,M,Delhi,2020-03-23,High
933,Customer_933,30,M,Mumbai,2022-07-02,Medium
934,Customer_934,64,F,Chennai,2023-05-03,Medium
935,Customer_935,22,F,Delhi,2019-04-01,Low
936,Customer_936,33,F,Pune,2018-10-24,High
937,Customer_937,60,F,Mumbai,2018-07-14,Low
938,Customer_938,22,F,Hyderabad,2020-06-25,Medium
939,Customer_939,40,M,Hyderabad,2021-12-19,High
940,Customer_940,21,F,Hyderabad,2018-09-02,High
941,Customer_941,57,F,Pune,2023-09-28,Medium
942,Customer_942,29,F,Hyderabad,2017-01-25,Low
943,Customer_943,37,F,Bangalore,2022-07-22,High
944,Customer_944,29,F,Chennai,2017-10-11,Medium
945,Customer_945,31,M,Chennai,2021-01-12,High
946,Customer_946,35,M,Pune,2017-10-28,Medium
947,Customer_947,44,M,Bangalore,2019-12-28,Low
948,Customer_948,58,F,Delhi,2019-10-28,Low
949,Customer_949,55,M,Delhi,2019-03-28,Low
950,Customer_950,50,M,Hyderabad,2017-03-24,Medium
951,Customer_951,51,F,Mumbai,2022-04-05,Low
952,Customer_952,25,F,Delhi,2022-09-25,Low
953,Customer_953,64,F,Mumbai,2018-09-10,Low
954,Customer_954,34,M,Chennai,2023-04-29,Medium
955,Customer_955,31,M,Mumbai,2017-06-25,Low
956,Customer_956,29,F,Chennai,2020-04-04,Low
957,Customer_957,54,F,Bangalore,2019-04-22,Low
958,Customer_958,32,M,Bangalore,2018-01-05,Low
959,Customer_959,55,M,Pune,2021-12-24,Low
960,Customer_960,55,F,Pune,2022-10-03,Low
961,Customer_961,21,F,Hyderabad,2018-11-21,Low
962,Customer_962,60,M,Delhi,2021-11-15,High
963,Customer_963,42,F,Hyderabad,2020-09-26,High
964,Customer_964,49,M,Chennai,2020-12-03,Low
965,Customer_965,28,M,Hyderabad,2018-01-02,High
966,Customer_966,31,M,Mumbai,2018-10-06,Low
967,Customer_967,61,M,Chennai,2023-08-24,Medium
968,Customer_968,57,F,Pune,2017-03-14,Medium
969,Customer_969,34,F,Bangalore,2020-06-25,Low
970,Customer_970,50,M,Pune,2019-05-10,Low
971,Customer_971,55,M,Delhi,2017-02-12,Low
972,Customer_972,41,M,Chennai,2023-08-22,Low
973,Customer_973,57,M,Chennai,2019-12-01,Medium
974,Customer_974,25,M,Mumbai,2023-01-27,Low
975,Customer_975,39,F,Delhi,2023-03-10,Low
976,Customer_976,34,F,Bangalore,2021-02-25,Low
977,Customer_977,46,F,Chennai,2022-09-18,Low
978,Customer_978,24,F,Chennai,2018-01-04,Low
979,Customer_979,45,M,Mumbai,2017-05-31,Low
980,Customer_980,62,M,Hyderabad,2020-02-09,High
981,Customer_981,45,M,Bangalore,2021-02-12,Low
982,Customer_982,38,M,Pune,2020-12-30,Low
983,Customer_983,60,M,Delhi,2019-12-07,Medium
984,Customer_984,28,F,Chennai,2019-10-21,Low
985,Customer_985,59,M,Chennai,2021-05-18,Medium
986,Customer_986,60,F,Pune,2022-08-03,Medium
987,Customer_987,34,F,Bangalore,2020-10-21,Low
988,Customer_988,52,F,Hyderabad,2017-03-10,Low
989,Customer_989,58,F,Chennai,2023-06-05,Low
990,Customer_990,53,M,Bangalore,2019-08-02,Low
991,Customer_991,43,F,Pune,2019-03-13,Low
992,Customer_992,35,F,Mumbai,2023-06-02,Low
993,Customer_993,53,F,Hyderabad,2023-03-01,Low
994,Customer_994,45,M,Delhi,2017-03-02,Low
995,Customer_995,37,M,Chennai,2019-08-04,Medium
996,Customer_996,53,M,Bangalore,2020-08-30,Low
997,Customer_997,22,F,Mumbai,2020-03-30,Low
998,Customer_998,34,F,Delhi,2017-11-27,Low
999,Customer_999,60,M,Bangalore,2021-04-01,High
1000,Customer_1000,60,F,Bangalore,2017-12-04,Low
1001,Customer_1001,59,M,Delhi,2021-06-18,High
1002,Customer_1002,26,M,Mumbai,2020-08-20,Low
1003,Customer_1003,26,F,Pune,2021-03-07,Medium
1004,Customer_1004,23,F,Mumbai,2021-08-01,Low
1005,Customer_1005,27,F,Hyderabad,2020-09-23,Low
1006,Customer_1006,28,F,Chennai,2021-04-23,Low
1007,Customer_1007,62,M,Delhi,2017-10-02,Low
1008,Customer_1008,35,M,Pune,2020-04-02,Low
1009,Customer_1009,49,M,Delhi,2023-06-25,Low
1010,Customer_1010,53,M,Delhi,2023-09-01,Medium
1011,Customer_1011,50,M,Mumbai,2022-06-17,High
1012,Customer_1012,59,F,Chennai,2019-05-20,Low
1013,Customer_1013,47,M,Hyderabad,2019-10-12,Low
1014,Customer_1014,56,M,Bangalore,2022-03-27,Low
1015,Customer_1015,49,M,Bangalore,2018-08-26,Medium
1016,Customer_1016,58,F,Delhi,2021-12-05,Low
1017,Customer_1017,53,F,Chennai,2018-11-22,High
1018,Customer_1018,57,F,Pune,2018-05-09,Low
1019,Customer_1019,47,F,Mumbai,2018-05-05,Low
1020,Customer_1020,53,M,Chennai,2018-01-25,Medium
1021,Customer_1021,24,M,Chennai,2017-10-22,Medium
1022,Customer_1022,42,F,Mumbai,2020-10-24,Low
1023,Customer_1023,22,F,Delhi,2021-09-14,Low
1024,Customer_1024,30,M,Chennai,2018-10-11,High
1025,Customer_1025,25,M,Bangalore,2022-02-17,Low
1026,Customer_1026,30,F,Mumbai,2018-07-22,High
1027,Customer_1027,53,F,Pune,2018-03-21,Low
1028,Customer_1028,58,F,Hyderabad,2017-12-29,Medium
1029,Customer_1029,33,F,Delhi,2022-12-11,Medium
1030,Customer_1030,51,M,Mumbai,2020-04-26,Low
1031,Customer_1031,56,M,Hyderabad,2019-01-12,High
1032,Customer_1032,44,M,Hyderabad,2022-08-04,Low
1033,Customer_1033,35,F,Pune,2018-11-11,Low
1034,Customer_1034,49,F,Chennai,2023-10-04,Low
1035,Customer_1035,28,M,Pune,2021-07-01,Low
1036,Customer_1036,25,M,Chennai,2021-04-22,Medium
1037,Customer_1037,49,M,Chennai,2020-09-20,Low
1038,Customer_1038,24,M,Mumbai,2022-11-10,Low
1039,Customer_1039,32,F,Mumbai,2017-03-04,Low
1040,Customer_1040,22,M,Delhi,2020-03-08,Low
1041,Customer_1041,47,M,Chennai,2020-05-13,Low
1042,Customer_1042,51,M,Hyderabad,2017-09-13,Medium
1043,Customer_1043,56,M,Bangalore,2017-05-15,High
1044,Customer_1044,56,M,Delhi,2019-05-25,Medium
1045,Customer_1045,46,M,Mumbai,2019-04-02,Low
1046,Customer_1046,63,M,Pune,2022-11-06,Low
1047,Customer_1047,47,F,Delhi,2019-04-03,Low
1048,Customer_1048,25,F,Delhi,2019-09-01,Low
1049,Customer_1049,40,F,Delhi,2021-11-13,Low
1050,Customer_1050,31,F,Delhi,2017-05-01,Low
1051,Customer_1051,30,M,Bangalore,2021-06-26,Low
1052,Customer_1052,60,F,Pune,2020-09-26,High
1053,Customer_1053,58,F,Pune,2019-10-05,Low
1054,Customer_1054,26,M,Pune,2019-07-14,Low
1055,Customer_1055,28,M,Chennai,2018-10-07,Low
1056,Customer_1056,43,F,Hyderabad,2022-07-26,Low
1057,Customer_1057,46,F,Pune,2022-08-31,High
1058,Customer_1058,63,M,Delhi,2017-08-30,Low
1059,Customer_1059,32,F,Delhi,2023-06-09,Low
1060,Customer_1060,46,M,Pune,2021-06-08,Low
1061,Customer_1061,33,M,Pune,2019-03-14,Low
1062,Customer_1062,60,M,Delhi,2019-08-22,Low
1063,Customer_1063,38,M,Chennai,2017-03-10,Medium
1064,Customer_1064,45,F,Mumbai,2020-02-27,Medium
1065,Customer_1065,53,M,Mumbai,2017-07-15,Medium
1066,Customer_1066,60,M,Pune,2022-12-28,Low
1067,Customer_1067,63,F,Bangalore,2023-05-20,Medium
1068,Customer_1068,32,M,Pune,2023-06-18,Low
1069,Customer_1069,64,F,Pune,2019-01-16,Low
1070,Customer_1070,56,F,Mumbai,2021-08-16,Medium
1071,Customer_1071,24,F,Delhi,2017-10-04,Low
1072,Customer_1072,25,M,Pune,2017-03-02,Low
1073,Customer_1073,57,F,Delhi,2022-03-29,Medium
1074,Customer_1074,28,F,Delhi,2022-10-01,Low
1075,Customer_1075,62,M,Bangalore,2023-01-10,Low
1076,Customer_1076,48,F,Delhi,2021-11-08,Low
1077,Customer_1077,51,F,Mumbai,2020-08-27,High
1078,Customer_1078,29,F,Chennai,2022-01-12,High
1079,Customer_1079,49,F,Chennai,2018-07-21,High
1080,Customer_1080,34,F,Hyderabad,2021-04-21,Low
1081,Customer_1081,60,M,Pune,2018-09-14,Low
1082,Customer_1082,61,F,Mumbai,2022-07-19,Low
1083,Customer_1083,42,F,Delhi,2020-04-15,Low
1084,Customer_1084,31,M,Chennai,2017-11-10,Low
1085,Customer_1085,43,M,Mumbai,2022-11-15,Low
1086,Customer_1086,21,M,Chennai,2020-05-21,Low
1087,Customer_1087,57,F,Delhi,2017-05-17,High
1088,Customer_1088,41,M,Chennai,2019-10-27,Low
1089,Customer_1089,46,F,Pune,2022-11-27,Low
1090,Customer_1090,56,F,Pune,2018-10-24,Low
1091,Customer_1091,43,M,Hyderabad,2023-10-09,High
1092,Customer_1092,21,M,Hyderabad,2023-04-28,Medium
1093,Customer_1093,60,F,Chennai,2017-03-28,Medium
1094,Customer_1094,35,M,Mumbai,2022-10-25,High
1095,Customer_1095,41,F,Pune,2023-09-28,Low
1096,Customer_1096,29,M,Mumbai,2020-08-01,Low
1097,Customer_1097,29,M,Mumbai,2021-08-28,Low
1098,Customer_1098,30,M,Chennai,2018-05-10,Low
1099,Customer_1099,46,F,Mumbai,2021-07-06,Low
1100,Customer_1100,61,M,Pune,2022-04-27,Low
1101,Customer_1101,55,F,Delhi,2019-12-05,High
1102,Customer_1102,45,F,Hyderabad,2020-11-25,High
1103,Customer_1103,46,F,Delhi,2018-08-20,Medium
1104,Customer_1104,31,F,Mumbai,2018-03-26,Medium
1105,Customer_1105,58,M,Delhi,2018-04-30,Medium
1106,Customer_1106,22,F,Pune,2018-10-08,Low
1107,Customer_1107,27,F,Pune,2021-06-18,Low
1108,Customer_1108,38,M,Mumbai,2018-10-24,Medium
1109,Customer_1109,47,F,Chennai,2019-01-28,Medium
1110,Customer_1110,54,M,Delhi,2017-10-16,Low
1111,Customer_1111,47,F,Chennai,2018-12-22,High
1112,Customer_1112,37,M,Chennai,2018-09-30,Low
1113,Customer_1113,63,F,Bangalore,2023-04-02,Low
1114,Customer_1114,64,M,Mumbai,2023-09-30,Medium
1115,Customer_1115,44,F,Hyderabad,2018-05-14,Low
1116,Customer_1116,45,F,Pune,2018-09-26,Low
1117,Customer_1117,27,M,Pune,2021-08-01,Low
1118,Customer_1118,26,M,Mumbai,2022-07-24,Medium
1119,Customer_1119,44,M,Hyderabad,2017-04-25,Low
1120,Customer_1120,53,M,Pune,2018-11-05,Medium
1121,Customer_1121,49,F,Mumbai,2021-10-03,Low
1122,Customer_1122,63,F,Pune,2020-06-11,Low
1123,Customer_1123,42,M,Chennai,2023-03-04,High
1124,Customer_1124,46,F,Delhi,2023-04-14,Low
1125,Customer_1125,48,M,Delhi,2017-05-27,High
1126,Customer_1126,41,M,Pune,2022-12-06,Low
1127,Customer_1127,27,F,Bangalore,2018-02-16,High
1128,Customer_1128,37,F,Hyderabad,2021-08-15,Low
1129,Customer_1129,40,F,Hyderabad,2023-08-08,Low
1130,Customer_1130,61,F,Hyderabad,2021-03-13,Low
1131,Customer_1131,40,F,Chennai,2017-05-17,Low
1132,Customer_1132,42,F,Hyderabad,2017-01-19,Medium
1133,Customer_1133,48,F,Delhi,2023-02-21,Low
1134,Customer_1134,60,M,Chennai,2023-07-06,Low
1135,Customer_1135,27,M,Mumbai,2022-05-14,Low
1136,Customer_1136,21,M,Hyderabad,2023-02-01,Low
1137,Customer_1137,52,M,Hyderabad,2019-09-29,Medium
1138,Customer_1138,33,M,Mumbai,2018-03-25,Low
1139,Customer_1139,50,F,Hyderabad,2022-05-03,Medium
1140,Customer_1140,43,M,Mumbai,2019-08-04,Medium
1141,Customer_1141,39,M,Chennai,2020-10-09,Medium
1142,Customer_1142,52,M,Delhi,2021-03-03,Low
1143,Customer_1143,50,M,Mumbai,2017-05-21,Medium
1144,Customer_1144,49,M,Bangalore,2022-04-05,High
1145,Customer_1145,49,M,Mumbai,2017-04-03,Medium
1146,Customer_1146,50,M,Hyderabad,2017-08-27,Low
1147,Customer_1147,36,F,Chennai,2017-07-24,Medium
1148,Customer_1148,60,F,Pune,2020-12-27,Medium
1149,Customer_1149,39,M,Chennai,2017-09-02,Medium
1150,Customer_1150,38,F,Pune,2019-04-12,Low
1151,Customer_1151,21,F,Mumbai,2017-10-22,Low
1152,Customer_1152,34,F,Delhi,2019-05-06,Medium
1153,Customer_1153,22,F,Bangalore,2022-08-27,Low
1154,Customer_1154,48,M,Chennai,2017-03-12,Medium
1155,Customer_1155,50,F,Hyderabad,2020-07-16,Low
1156,Customer_1156,58,F,Pune,2020-09-10,Low
1157,Customer_1157,24,F,Hyderabad,2017-11-01,Low
1158,Customer_1158,21,M,Delhi,2019-10-28,Low
1159,Customer_1159,28,M,Pune,2020-08-30,High
1160,Customer_1160,49,M,Chennai,2019-03-28,High
1161,Customer_1161,59,M,Mumbai,2020-02-01,Medium
1162,Customer_1162,23,M,Hyderabad,2019-04-01,Low
1163,Customer_1163,52,M,Delhi,2017-07-12,Medium
1164,Customer_1164,30,M,Chennai,2021-11-12,Medium
1165,Customer_1165,30,F,Chennai,2018-06-13,Low
1166,Customer_1166,39,F,Chennai,2023-01-28,Low
1167,Customer_1167,54,F,Chennai,2017-09-08,Medium
1168,Customer_1168,53,M,Pune,2021-11-24,Medium
1169,Customer_1169,43,M,Chennai,2022-07-20,High
1170,Customer_1170,48,M,Hyderabad,2023-09-30,Low
1171,Customer_1171,52,M,Delhi,2020-11-04,Medium
1172,Customer_1172,27,M,Pune,2020-03-13,Low
1173,Customer_1173,49,F,Chennai,2022-09-04,Low
1174,Customer_1174,28,F,Bangalore,2020-01-02,Low
1175,Customer_1175,21,M,Bangalore,2022-01-22,Low
1176,Customer_1176,23,M,Delhi,2018-05-20,Low
1177,Customer_1177,44,M,Mumbai,2021-06-10,Low
1178,Customer_1178,43,M,Mumbai,2023-07-12,Medium
1179,Customer_1179,28,F,Pune,2023-10-09,Medium
1180,Customer_1180,57,M,Pune,2020-10-19,Low
1181,Customer_1181,23,M,Pune,2020-05-07,High
1182,Customer_1182,53,M,Mumbai,2018-12-19,Low
1183,Customer_1183,48,M,Bangalore,2017-12-05,Low
1184,Customer_1184,28,F,Mumbai,2018-10-21,Medium
1185,Customer_1185,54,M,Hyderabad,2019-08-20,Low
1186,Customer_1186,55,M,Chennai,2018-03-05,Low
1187,Customer_1187,52,F,Pune,2019-06-18,Low
1188,Customer_1188,44,F,Bangalore,2017-05-19,Low
1189,Customer_1189,34,F,Delhi,2018-06-26,Medium
1190,Customer_1190,52,M,Delhi,2022-10-06,Low
1191,Customer_1191,63,M,Chennai,2020-06-09,Low
1192,Customer_1192,36,F,Bangalore,2023-10-19,Low
1193,Customer_1193,24,F,Mumbai,2018-01-19,Medium
1194,Customer_1194,57,F,Mumbai,2017-07-13,Low
1195,Customer_1195,41,F,Hyderabad,2023-02-11,Medium
1196,Customer_1196,34,F,Hyderabad,2022-03-11,Low
1197,Customer_1197,51,F,Mumbai,2023-05-29,Low
1198,Customer_1198,38,M,Delhi,2019-01-02,Low
1199,Customer_1199,27,M,Pune,2022-12-04,Low
1200,Customer_1200,30,M,Delhi,2018-11-16,Low
